{
  "$schema": "https://developer.microsoft.com/json-schemas/fabric/item/report/definition/visualContainer/2.4.0/schema.json",
  "name": "b9179ff66a2d4537ea3a",
  "position": {
    "x": 352.17578218294722,
    "y": 0,
    "z": 9000,
    "height": 72.147122044423213,
    "width": 574.73131120133746,
    "tabOrder": 9000
  },
  "visual": {
    "visualType": "textbox",
    "objects": {
      "general": [
        {
          "properties": {
            "paragraphs": [
              {
                "textRuns": [
                  {
                    "value": "Financial Risk Analysis",
                    "textStyle": {
                      "fontWeight": "bold",
                      "fontSize": "28pt"
                    }
                  }
                ],
                "horizontalTextAlignment": "center"
              }
            ]
          }
        }
      ]
    },
    "drillFilterOtherVisuals": true
  }
}