{
  "$schema": "https://developer.microsoft.com/json-schemas/fabric/item/report/definition/visualContainer/2.4.0/schema.json",
  "name": "858ed3ee1009a3da02cb",
  "position": {
    "x": 171.19656078337712,
    "y": 114.9462622402675,
    "z": 1000,
    "height": 134.51158347265346,
    "width": 190.76188201576309,
    "tabOrder": 1000
  },
  "visual": {
    "visualType": "card",
    "query": {
      "queryState": {
        "Values": {
          "projections": [
            {
              "field": {
                "Measure": {
                  "Expression": {
                    "SourceRef": {
                      "Entity": "Analysis"
                    }
                  },
                  "Property": "Defaulted_Loan_Amount"
                }
              },
              "queryRef": "Analysis.Defaulted_Loan_Amount",
              "nativeQueryRef": "Defaulted_Loan_Amount"
            }
          ]
        }
      },
      "sortDefinition": {
        "sort": [
          {
            "field": {
              "Measure": {
                "Expression": {
                  "SourceRef": {
                    "Entity": "Analysis"
                  }
                },
                "Property": "Defaulted_Loan_Amount"
              }
            },
            "direction": "Descending"
          }
        ],
        "isDefaultSort": true
      }
    },
    "objects": {
      "labels": [
        {
          "properties": {
            "labelPrecision": {
              "expr": {
                "Literal": {
                  "Value": "2L"
                }
              }
            }
          }
        }
      ]
    },
    "drillFilterOtherVisuals": true
  }
}