{
  "$schema": "https://developer.microsoft.com/json-schemas/fabric/item/report/definition/visualContainer/2.4.0/schema.json",
  "name": "99dee6a0607ba05010db",
  "position": {
    "x": 10,
    "y": 570,
    "z": 2000,
    "height": 150,
    "width": 280,
    "tabOrder": 2000
  },
  "visual": {
    "visualType": "gauge",
    "query": {
      "queryState": {
        "MaxValue": {
          "projections": [
            {
              "field": {
                "Aggregation": {
                  "Expression": {
                    "Column": {
                      "Expression": {
                        "SourceRef": {
                          "Entity": "Loan_Details"
                        }
                      },
                      "Property": "Interest_Rate"
                    }
                  },
                  "Function": 4
                }
              },
              "queryRef": "Sum(Loan_Details.Interest_Rate)",
              "nativeQueryRef": "Max of Interest_Rate"
            }
          ]
        },
        "MinValue": {
          "projections": [
            {
              "field": {
                "Aggregation": {
                  "Expression": {
                    "Column": {
                      "Expression": {
                        "SourceRef": {
                          "Entity": "Loan_Details"
                        }
                      },
                      "Property": "Interest_Rate"
                    }
                  },
                  "Function": 3
                }
              },
              "queryRef": "Min(Loan_Details.Interest_Rate)",
              "nativeQueryRef": "Min of Interest_Rate"
            }
          ]
        },
        "Y": {
          "projections": [
            {
              "field": {
                "Measure": {
                  "Expression": {
                    "SourceRef": {
                      "Entity": "Analysis"
                    }
                  },
                  "Property": "Average Interest Rate"
                }
              },
              "queryRef": "Analysis.Average Interest Rate",
              "nativeQueryRef": "Avg Interest Rate",
              "displayName": "Avg Interest Rate"
            }
          ]
        }
      },
      "sortDefinition": {
        "sort": [
          {
            "field": {
              "Measure": {
                "Expression": {
                  "SourceRef": {
                    "Entity": "Analysis"
                  }
                },
                "Property": "Average Interest Rate"
              }
            },
            "direction": "Descending"
          }
        ],
        "isDefaultSort": true
      }
    },
    "drillFilterOtherVisuals": true
  }
}