{
  "$schema": "https://developer.microsoft.com/json-schemas/fabric/item/report/definition/visualContainer/2.4.0/schema.json",
  "name": "25a3d7e030c0682ce707",
  "position": {
    "x": 0,
    "y": 0,
    "z": 12000,
    "height": 65.8664299234493,
    "width": 588.68121744082816,
    "tabOrder": 12000
  },
  "visual": {
    "visualType": "textbox",
    "objects": {
      "general": [
        {
          "properties": {
            "paragraphs": [
              {
                "textRuns": [
                  {
                    "value": "Loan Portfolio & Performance",
                    "textStyle": {
                      "fontWeight": "bold",
                      "fontSize": "28pt",
                      "color": "#717bc5"
                    }
                  }
                ],
                "horizontalTextAlignment": "center"
              }
            ]
          }
        }
      ]
    },
    "drillFilterOtherVisuals": true
  }
}