{
  "$schema": "https://developer.microsoft.com/json-schemas/fabric/item/report/definition/visualContainer/2.4.0/schema.json",
  "name": "e2a492ba427c564d1379",
  "position": {
    "x": 849.868641031765,
    "y": 489.13303080964891,
    "z": 7000,
    "height": 113.72342966324338,
    "width": 430.43706711249104,
    "tabOrder": 7000
  },
  "visual": {
    "visualType": "pivotTable",
    "query": {
      "queryState": {
        "Rows": {
          "projections": [
            {
              "field": {
                "Column": {
                  "Expression": {
                    "SourceRef": {
                      "Entity": "Customer_Details"
                    }
                  },
                  "Property": "Income Buckets"
                }
              },
              "queryRef": "Customer_Details.Income Buckets",
              "nativeQueryRef": "Income",
              "active": true,
              "displayName": "Income"
            },
            {
              "field": {
                "Column": {
                  "Expression": {
                    "SourceRef": {
                      "Entity": "Customer_Details"
                    }
                  },
                  "Property": "Education_Level"
                }
              },
              "queryRef": "Customer_Details.Education_Level",
              "nativeQueryRef": "Education_Level",
              "active": false
            }
          ]
        },
        "Values": {
          "projections": [
            {
              "field": {
                "Measure": {
                  "Expression": {
                    "SourceRef": {
                      "Entity": "Analysis"
                    }
                  },
                  "Property": "High_Risk_Loans"
                }
              },
              "queryRef": "Analysis.High_Risk_Loans",
              "nativeQueryRef": "High_Risk_Loans"
            },
            {
              "field": {
                "Aggregation": {
                  "Expression": {
                    "Column": {
                      "Expression": {
                        "SourceRef": {
                          "Entity": "Loan_Details"
                        }
                      },
                      "Property": "Loan_Amount"
                    }
                  },
                  "Function": 0
                }
              },
              "queryRef": "Sum(Loan_Details.Loan_Amount)",
              "nativeQueryRef": "High_Risk_Loan_Amount",
              "displayName": "High_Risk_Loan_Amount"
            }
          ]
        }
      }
    },
    "expansionStates": [
      {
        "roles": [
          "Rows"
        ],
        "levels": [
          {
            "queryRefs": [
              "Customer_Details.Income Buckets"
            ],
            "isCollapsed": true,
            "isPinned": true
          },
          {
            "queryRefs": [
              "Customer_Details.Education_Level"
            ],
            "isCollapsed": true,
            "isPinned": true
          }
        ],
        "root": {}
      }
    ],
    "drillFilterOtherVisuals": true
  }
}