{
  "$schema": "https://developer.microsoft.com/json-schemas/fabric/item/report/definition/visualContainer/2.4.0/schema.json",
  "name": "67203c96b550d32a64e2",
  "position": {
    "x": 0,
    "y": 406.25,
    "z": 3000,
    "height": 276.25,
    "width": 393.75,
    "tabOrder": 3000
  },
  "visual": {
    "visualType": "pieChart",
    "query": {
      "queryState": {
        "Category": {
          "projections": [
            {
              "field": {
                "Column": {
                  "Expression": {
                    "SourceRef": {
                      "Entity": "Customer_Details"
                    }
                  },
                  "Property": "Gender"
                }
              },
              "queryRef": "Customer_Details.Gender",
              "nativeQueryRef": "Gender",
              "active": true
            }
          ]
        },
        "Y": {
          "projections": [
            {
              "field": {
                "Measure": {
                  "Expression": {
                    "SourceRef": {
                      "Entity": "Analysis"
                    }
                  },
                  "Property": "Total Customers"
                }
              },
              "queryRef": "Analysis.Total Customers",
              "nativeQueryRef": "Count of Customer_ID",
              "displayName": "Count of Customer_ID"
            }
          ]
        }
      },
      "sortDefinition": {
        "sort": [
          {
            "field": {
              "Measure": {
                "Expression": {
                  "SourceRef": {
                    "Entity": "Analysis"
                  }
                },
                "Property": "Total Customers"
              }
            },
            "direction": "Descending"
          }
        ],
        "isDefaultSort": true
      }
    },
    "objects": {
      "labels": [
        {
          "properties": {
            "labelStyle": {
              "expr": {
                "Literal": {
                  "Value": "'Data value, percent of total'"
                }
              }
            }
          }
        }
      ]
    },
    "visualContainerObjects": {
      "border": [
        {
          "properties": {
            "show": {
              "expr": {
                "Literal": {
                  "Value": "true"
                }
              }
            }
          }
        }
      ],
      "title": [
        {
          "properties": {
            "text": {
              "expr": {
                "Literal": {
                  "Value": "'Customer bifurcation with Gender'"
                }
              }
            }
          }
        }
      ]
    },
    "drillFilterOtherVisuals": true
  }
}