{
  "$schema": "https://developer.microsoft.com/json-schemas/fabric/item/report/definition/visualContainer/2.4.0/schema.json",
  "name": "6b33002d2409b40505ee",
  "position": {
    "x": 898.78194411272989,
    "y": 265.35466921423455,
    "z": 6000,
    "height": 188.31621686171485,
    "width": 381.52376403152618,
    "tabOrder": 6000
  },
  "visual": {
    "visualType": "donutChart",
    "query": {
      "queryState": {
        "Category": {
          "projections": [
            {
              "field": {
                "Column": {
                  "Expression": {
                    "SourceRef": {
                      "Entity": "Customer_Details"
                    }
                  },
                  "Property": "Employment_Status"
                }
              },
              "queryRef": "Customer_Details.Employment_Status",
              "nativeQueryRef": "Employment",
              "active": true,
              "displayName": "Employment"
            }
          ]
        },
        "Tooltips": {
          "projections": [
            {
              "field": {
                "Measure": {
                  "Expression": {
                    "SourceRef": {
                      "Entity": "Analysis"
                    }
                  },
                  "Property": "High_Risk_Loans"
                }
              },
              "queryRef": "Analysis.High_Risk_Loans",
              "nativeQueryRef": "High_Risk_Loans"
            }
          ]
        },
        "Y": {
          "projections": [
            {
              "field": {
                "Measure": {
                  "Expression": {
                    "SourceRef": {
                      "Entity": "Analysis"
                    }
                  },
                  "Property": "High_Risk_Loan_Amount"
                }
              },
              "queryRef": "Analysis.High_Risk_Loan_Amount",
              "nativeQueryRef": "High_Risk_Loan_Amount",
              "format": "\\$#,0.00;(\\$#,0.00);\\$#,0.00"
            }
          ]
        }
      },
      "sortDefinition": {
        "sort": [
          {
            "field": {
              "Measure": {
                "Expression": {
                  "SourceRef": {
                    "Entity": "Analysis"
                  }
                },
                "Property": "High_Risk_Loan_Amount"
              }
            },
            "direction": "Descending"
          }
        ],
        "isDefaultSort": true
      }
    },
    "visualContainerObjects": {
      "title": [
        {
          "properties": {
            "text": {
              "expr": {
                "Literal": {
                  "Value": "'High Risk Loan Amount'"
                }
              }
            }
          }
        }
      ]
    },
    "drillFilterOtherVisuals": true
  }
}