{
  "$schema": "https://developer.microsoft.com/json-schemas/fabric/item/report/definition/visualContainer/2.4.0/schema.json",
  "name": "5ec69034de38c35ac9a3",
  "position": {
    "x": 152.5,
    "y": 0,
    "z": 7000,
    "height": 75,
    "width": 975,
    "tabOrder": 7000
  },
  "visual": {
    "visualType": "textbox",
    "objects": {
      "general": [
        {
          "properties": {
            "paragraphs": [
              {
                "textRuns": [
                  {
                    "value": "Customer Demographics",
                    "textStyle": {
                      "fontWeight": "bold",
                      "fontFamily": "Lucida Sans Unicode",
                      "fontSize": "28pt",
                      "color": "#414fb1"
                    }
                  }
                ],
                "horizontalTextAlignment": "center"
              }
            ]
          }
        }
      ]
    },
    "drillFilterOtherVisuals": true
  }
}