{
  "$schema": "https://developer.microsoft.com/json-schemas/fabric/item/report/definition/visualContainer/2.4.0/schema.json",
  "name": "9b52bdf3bc945e54218a",
  "position": {
    "x": 289.8418722327641,
    "y": 98.772928526249217,
    "z": 13001,
    "height": 166.78051865907653,
    "width": 270.41113219481343,
    "tabOrder": 13001
  },
  "visual": {
    "visualType": "pieChart",
    "query": {
      "queryState": {
        "Category": {
          "projections": [
            {
              "field": {
                "Column": {
                  "Expression": {
                    "SourceRef": {
                      "Entity": "Loan_Details"
                    }
                  },
                  "Property": "Loan_Type"
                }
              },
              "queryRef": "Loan_Details.Loan_Type",
              "nativeQueryRef": "Loan_Type",
              "active": true
            }
          ]
        },
        "Y": {
          "projections": [
            {
              "field": {
                "Aggregation": {
                  "Expression": {
                    "Column": {
                      "Expression": {
                        "SourceRef": {
                          "Entity": "Loan_Details"
                        }
                      },
                      "Property": "Loan_ID"
                    }
                  },
                  "Function": 5
                }
              },
              "queryRef": "CountNonNull(Loan_Details.Loan_ID)",
              "nativeQueryRef": "Count of Loan_ID"
            }
          ]
        }
      },
      "sortDefinition": {
        "sort": [
          {
            "field": {
              "Aggregation": {
                "Expression": {
                  "Column": {
                    "Expression": {
                      "SourceRef": {
                        "Entity": "Loan_Details"
                      }
                    },
                    "Property": "Loan_ID"
                  }
                },
                "Function": 5
              }
            },
            "direction": "Descending"
          }
        ],
        "isDefaultSort": true
      }
    },
    "visualContainerObjects": {
      "title": [
        {
          "properties": {
            "text": {
              "expr": {
                "Literal": {
                  "Value": "'Loan Split by Type'"
                }
              }
            }
          }
        }
      ]
    },
    "drillFilterOtherVisuals": true
  }
}