{
  "version": "1.1.0",
  "diagrams": [
    {
      "ordinal": 0,
      "scrollPosition": {
        "x": 152,
        "y": 0
      },
      "nodes": [
        {
          "location": {
            "x": 0,
            "y": 0
          },
          "nodeIndex": "Customer_Details",
          "nodeLineageTag": "2be382e6-1f74-4ba7-ba50-fe9b16230d66",
          "size": {
            "height": 300,
            "width": 234
          },
          "zIndex": 0
        },
        {
          "location": {
            "x": 284,
            "y": 0
          },
          "nodeIndex": "Loan_Details",
          "nodeLineageTag": "604ef33b-c2f7-40a7-a0dd-c56c968dc266",
          "size": {
            "height": 300,
            "width": 234
          },
          "zIndex": 0
        },
        {
          "location": {
            "x": 568,
            "y": 50
          },
          "nodeIndex": "Date",
          "size": {
            "height": 200,
            "width": 234
          },
          "zIndex": 0
        },
        {
          "location": {
            "x": 852,
            "y": 98
          },
          "nodeIndex": "Analysis",
          "nodeLineageTag": "d55248ac-26bb-4c34-ae82-632c9a21ab5d",
          "size": {
            "height": 104,
            "width": 234
          },
          "zIndex": 0
        }
      ],
      "name": "All tables",
      "zoomValue": 100,
      "pinKeyFieldsToTop": false,
      "showExtraHeaderInfo": false,
      "hideKeyFieldsWhenCollapsed": false,
      "tablesLocked": false
    }
  ],
  "selectedDiagram": "All tables",
  "defaultDiagram": "All tables"
}